fonte,count
https://www.youtube.com/,306
https://www.virgilio.it/,143
https://www.ilrestodelcarlino.it/,123
https://www.rainews.it/,81
https://www.ansa.it/,71
https://x.com/,69
https://www.fanpage.it/,65
https://m.facebook.com/,62
https://www.ilgiorno.it/,55
https://www.lanazione.it/,51
https://www.open.online/,51
https://www.ilfattoquotidiano.it/,47
https://www.instagram.com/,47
https://www.lastampa.it/,47
https://tg24.sky.it/,43
https://www.msn.com/,37
https://www.romatoday.it/,33
https://www.facebook.com/,30
https://agenparl.eu/,29
https://www.leggo.it/,29
https://www.ilmessaggero.it/,27
https://www.agi.it/,26
https://www.vanityfair.it/,26
https://www.ilgazzettino.it/,25
https://www.tgcom24.mediaset.it/,24
https://www.milanotoday.it/,23
https://www.unionesarda.it/,23
https://notizie.tiscali.it/,22
https://alessandria.today/,21
https://www.corriere.it/,21
https://www.dailymotion.com/,21
https://www.repubblica.it/,21
https://mediasetinfinity.mediaset.it/,19
https://www.iltirreno.it/,19
https://www.notizie.it/,19
https://www.palermotoday.it/,19
https://www.today.it/,19
https://torinocronaca.it/,18
https://www.ilgiornale.it/,18
https://www.ilpiacenza.it/,18
https://www.orizzontescuola.it/,18
https://www.editorialedomani.it/,17
https://www.ilmattino.it/,17
https://prefettura.interno.gov.it/,16
https://www.ilsole24ore.com/,16
https://www.iodonna.it/,16
https://questure.poliziadistato.it/,15
https://www.giornaledibrescia.it/,15
https://alleyoop.ilsole24ore.com/,14
https://roma.repubblica.it/,14
https://stream24.ilsole24ore.com/,14
https://www.agensir.it/,14
https://www.bolognatoday.it/,14
https://www.malpensa24.it/,14
https://www.quotidiano.net/,14
https://ilgiornalepopolare.it/,13
https://it.linkedin.com/,13
https://milano.repubblica.it/,13
https://www.cremonaoggi.it/,13
https://www.mondadoristore.it/,13
https://www.tecnicadellascuola.it/,13
https://www.civonline.it/,12
https://www.ilpost.it/,12
https://www.lapresse.it/,12
https://www.messinatoday.it/,12
https://www.reddit.com/,12
https://calabria7.news/,11
https://corrieredellumbria.it/,11
https://ilmanifesto.it/,11
https://livesicilia.it/,11
https://tg.la7.it/,11
https://www.adnkronos.com/,11
https://www.forlitoday.it/,11
https://www.gaeta.it/,11
https://www.gazzettadimodena.it/,11
https://www.gazzettadireggio.it/,11
https://www.la7.it/,11
https://www.lagazzettadelmezzogiorno.it/,11
https://www.padovaoggi.it/,11
https://buonasera24.it/,10
https://it.cibercuba.com/,10
https://milano.corriere.it/,10
https://www.cdt.ch/,10
https://www.corriereadriatico.it/,10
https://www.statoquotidiano.it/,10
https://www.telefriuli.it/,10
https://www.tempostretto.it/,10
https://corrierefiorentino.corriere.it/,9
https://lespresso.it/,9
https://roma.corriere.it/,9
https://wesud.it/,9
https://www.9colonne.it/,9
https://www.avvenire.it/,9
https://www.cataniatoday.it/,9
https://www.elle.com/,9
https://www.gazzettadimantova.it/,9
https://www.giornaleinfocastelliromani.it/,9
https://www.ildolomiti.it/,9
https://www.informazione.it/,9
https://www.larena.it/,9
https://www.udinetoday.it/,9
https://messina.gazzettadelsud.it/,8
https://partitodemocratico.it/,8
https://video.sky.it/,8
https://www.altalex.com/,8
https://www.baritoday.it/,8
https://www.casertanews.it/,8
https://www.cgil.it/,8
https://www.foggiatoday.it/,8
https://www.giornalelavoce.it/,8
https://www.interno.gov.it/,8
https://www.messaggeroveneto.it/,8
https://www.perugiatoday.it/,8
https://www.radioradicale.it/,8
https://www.secoloditalia.it/,8
https://www.sistemapenale.it/,8
https://www.varesenews.it/,8
https://www.veneziatoday.it/,8
http://www.comune.torino.it/,7
https://corrieredelveneto.corriere.it/,7
https://giornalesm.com/,7
https://ilsicilia.it/,7
https://palermo.repubblica.it/,7
https://trcgiornale.it/,7
https://www.alanews.it/,7
https://www.antennasud.com/,7
https://www.avellinotoday.it/,7
https://www.borsaitaliana.it/,7
https://www.brindisireport.it/,7
https://www.chietitoday.it/,7
https://www.giornalelora.it/,7
https://www.giustiziainsieme.it/,7
https://www.ilgallo.it/,7
https://www.ilnordest.it/,7
https://www.lametino.it/,7
https://www.lanuovasardegna.it/,7
https://www.mattinopadova.it/,7
https://www.napolitoday.it/,7
https://www.reggiotoday.it/,7
https://www.rsi.ch/,7
https://www.studocu.com/,7
https://www.sulpanaro.net/,7
https://www.swissinfo.ch/,7
https://www.tp24.it/,7
https://www.vrsicilia.it/,7
https://www.webmarte.tv/,7
https://27esimaora.corriere.it/,6
https://bitontolive.it/,6
https://corrierediarezzo.it/,6
https://corrieredibologna.corriere.it/,6
https://internapoli.it/,6
https://lavoce.hr/,6
https://napoli.repubblica.it/,6
https://ntplusdiritto.ilsole24ore.com/,6
https://telenord.it/,6
https://umbria.tag24.it/,6
https://unr.edu.ar/,6
https://www.affaritaliani.it/,6
https://www.africarivista.it/,6
https://www.agrigentonotizie.it/,6
https://www.arezzonotizie.it/,6
https://www.castellinotizie.it/,6
https://www.comune.roma.it/,6
https://www.consiglio.regione.fvg.it/pagineinterne//Portale/,6
https://www.frosinonetoday.it/,6
https://www.ilgiornaledichieti.it/,6
https://www.ilgiornaledivicenza.it/,6
https://www.ilreggino.it/,6
https://www.lacnews24.it/,6
https://www.ladige.it/,6
https://www.lanuovacalabria.it/,6
https://www.lapiazzaweb.it/,6
https://www.laprovinciacv.it/,6
https://www.liberoquotidiano.it/,6
https://www.liberta.it/,6
https://www.modenatoday.it/,6
https://www.polesine24.it/,6
https://www.poliziadistato.it/,6
https://www.quotidianocontribuenti.com/,6
https://www.quotidianosanita.it/,6
https://www.ravennatoday.it/,6
https://www.reggionline.com/,6
https://www.salernotoday.it/,6
https://www.sanmarinortv.sm/,6
https://www.senato.it/,6
https://www.siracusanews.it/,6
https://www.terzobinario.it/,6
https://www.tiktok.com/,6
https://www.torinotoday.it/,6
https://www.umbria24.it/,6
http://www.msn.com/,5
https://consiglio.regione.umbria.it/,5
https://etrurianews.it/,5
https://liberta.it/,5
https://magazine.unibo.it/,5
https://mantovauno.it/,5
https://palermo.gds.it/,5
https://radiowow.com/,5
https://riforma.it/,5
https://tuttoggi.info/,5
https://video.corriere.it/,5
https://www.actionaid.it/,5
https://www.agenziacult.it/,5
https://www.agenzianova.com/,5
https://www.ats-brescia.it/,5
https://www.auslromagna.it/,5
https://www.cagliaripad.it/,5
https://www.centropagina.it/,5
https://www.cesenatoday.it/,5
https://www.collettiva.it/,5
https://www.comune.milano.it/,5
https://www.corrierealpi.it/,5
https://www.estense.com/,5
https://www.friulioggi.it/,5
https://www.ilbustese.it/,5
https://www.ilgerme.it/,5
https://www.ilpescara.it/,5
https://www.ilroma.net/,5
https://www.lanuovariviera.it/,5
https://www.laprovinciacr.it/,5
https://www.latinaoggi.eu/,5
https://www.milanopost.info/,5
https://www.monzatoday.it/,5
https://www.newtuscia.it/,5
https://www.orvietonews.it/,5
https://www.parmatoday.it/,5
https://www.pointofnews.it/,5
https://www.quicosenza.it/,5
https://www.quintopotere.it/,5
https://www.raiplay.it/,5
https://www.regione.emilia-romagna.it/,5
https://www.rovigo.news/,5
https://www.salonelibro.it/,5
https://www.scuolalink.it/,5
https://www.siracusaoggi.it/,5
https://www.telemia.it/,5
https://www.toscana-notizie.it/,5
https://www.trentotoday.it/,5
https://www.tusciaweb.eu/,5
https://www.veronasera.it/,5
https://www.viterbotoday.it/,5
https://askanews.it/,4
https://bologna.repubblica.it/,4
https://capocronaca.it/,4
https://catanzaro.gazzettadelsud.it/,4
https://cn24tv.it/,4
https://cremonasera.it/,4
https://ennapress.it/,4
https://feministpost.it/,4
https://gazzettadireggio.gelocal.it/,4
https://gds.it/,4
https://ilfattodimolfetta.it/,4
https://movieplayer.it/,4
https://mowmag.com/,4
https://old.unipi.it/,4
https://primabrescia.it/,4
https://primamonza.it/,4
https://qds.it/,4
https://secondotempo.cattolicanews.it/,4
https://vocepinerolese.it/,4
https://volontariatolazio.it/,4
https://www.24emilia.com/,4
https://www.agenziagiornalisticaopinione.it/,4
https://www.anconatoday.it/,4
https://www.bresciaoggi.it/,4
https://www.camera.it/,4
https://www.castedduonline.it/,4
https://www.cuneo24.it/,4
https://www.docsity.com/,4
https://www.ekuonews.it/,4
https://www.espansionetv.it/,4
https://www.firenzetoday.it/,4
https://www.genovatoday.it/,4
https://www.ilcittadino.it/,4
https://www.isnews.it/,4
https://www.italynews.org.uk/,4
https://www.labottegadelbarbieri.org/,4
https://www.ladigetto.it/,4
https://www.lafionda.com/,4
https://www.laprovinciadivarese.it/,4
https://www.lasicilia.it/,4
https://www.latestatamagazine.it/,4
https://www.latinatoday.it/,4
https://www.leggocassino.it/,4
https://www.libero.it/,4
https://www.libertasicilia.it/,4
https://www.lindipendente.online/,4
https://www.luccagiovane.it/,4
https://www.marieclaire.it/,4
https://www.mbnews.it/,4
https://www.milanopavia.news/,4
https://www.molisenetwork.net/,4
https://www.mondopalermo.it/,4
https://www.noitv.it/,4
https://www.nuovavenezia.it/,4
https://www.piacenzasera.it/,4
https://www.pressenza.com/,4
https://www.riminitoday.it/,4
https://www.rtl.it/,4
https://www.sassarioggi.it/,4
https://www.stampareggiana.it/,4
https://www.ternitoday.it/,4
https://www.tio.ch/,4
https://www.toscanatv.it/,4
https://www.trevisotoday.it/,4
https://www.tusciatimes.eu/,4
https://www.tv2000.it/,4
https://www.umbriajournal.com/,4
https://www.varese7press.it/,4
https://www.vaticannews.va/,4
https://www.vipiu.it/,4
https://www.wired.it/,4
https://ansabrasil.inf.br/,3
https://antennatre.medianordest.it/,3
https://bookblog.salonelibro.it/,3
https://comunicazione.camera.it/,3
https://corriereirpinia.it/,3
https://dabitonto.com/,3
https://ecodellojonio.it/,3
https://esgdata.it/,3
https://esgnews.it/,3
https://gazzettadelsud.it/,3
https://gazzettadibologna.it/,3
https://giornalenews.it/,3
https://ilcorriere.net/,3
https://ilnuovotorrazzo.it/,3
https://incronaca.unibo.it/,3
https://informareunh.it/,3
https://it.euronews.com/,3
https://kossev.info/,3
https://lamilano.it/,3
https://laprovinciapavese.gelocal.it/,3
https://live.comune.venezia.it/,3
https://lostrillone.tv/,3
https://marcheinfinite.com/,3
https://mediakey.it/,3
https://newsicilia.it/,3
https://norbaonline.it/,3
https://pagellapolitica.it/,3
https://pordenoneoggi.it/,3
https://quotidianodigela.it/,3
https://ristretti.org/,3
https://telesveva.it/,3
https://ticinonotizie.it/,3
https://torino.corriere.it/,3
https://uiltucs.it/,3
https://vocedistrada.it/,3
https://voitg.net/,3
https://www.adn24.it/,3
https://www.agenpress.it/,3
https://www.agipress.it/,3
https://www.agro24.it/,3
https://www.alfemminile.com/,3
https://www.altoadige.it/,3
https://www.ascuolaoggi.com/,3
https://www.augustanews.it/,3
https://www.belvederenews.net/,3
https://www.bitontoviva.it/,3
https://www.blogsicilia.it/,3
https://www.borderline24.com/,3
https://www.brundisium.net/,3
https://www.carabinieri.it/,3
https://www.casateonline.it/,3
https://www.ciaocomo.it/,3
https://www.comune.bagheria.pa.it/,3
https://www.corrieredellacalabria.it/,3
https://www.cremaoggi.it/,3
https://www.cremaonline.it/,3
https://www.cronachemaceratesi.it/,3
https://www.crotoneok.it/,3
https://www.cuneodice.it/,3
https://www.dagospia.com/,3
https://www.direcontrolaviolenza.it/,3
https://www.ecodibergamo.it/,3
https://www.fanoinforma.it/,3
https://www.gazzetta.it/,3
https://www.gazzettadalba.it/,3
https://www.gazzettadisiena.it/,3
https://www.gazzettinonline.it/,3
https://www.giornalesm.com/,3
https://www.giovanireporter.org/,3
https://www.globalproject.info/,3
https://www.grandangoloagrigento.it/,3
https://www.greenme.it/,3
https://www.ilcapoluogo.it/,3
https://www.ilcittadinomb.it/,3
https://www.ildubbio.news/,3
https://www.ilfattonisseno.it/,3
https://www.ilfattovesuviano.it/,3
https://www.ilgiornaleditalia.it/,3
https://www.ilpiccolo.it/,3
https://www.ilpopolano.com/,3
https://www.ilriformista.it/,3
https://www.ilsecoloxix.it/,3
https://www.iltrafiletto.it/,3
https://www.ilvibonese.it/,3
https://www.infopal.it/,3
https://www.internazionale.it/,3
https://www.istat.it/,3
https://www.laprovinciaonline.info/,3
https://www.larampa.news/,3
https://www.laregione.ch/,3
https://www.leccotoday.it/,3
https://www.lecronachelucane.it/,3
https://www.legnanonews.com/,3
https://www.lepocaculturale.it/,3
https://www.lidentita.it/,3
https://www.malpensanews.it/,3
https://www.messinaindiretta.it/,3
https://www.mobmagazine.it/,3
https://www.molisetabloid.it/,3
https://www.nicolaporro.it/,3
https://www.nigrizia.it/,3
https://www.noidonne.org/,3
https://www.notiziedabruzzo.it/,3
https://www.odysseo.it/,3
https://www.ondatv.tv/,3
https://www.orticalab.it/,3
https://www.ospfe.it/,3
https://www.pariopportunita.gov.it/,3
https://www.piacenza24.eu/,3
https://www.piacenzadiario.it/,3
https://www.positanonews.it/,3
https://www.prealpina.it/,3
https://www.professionereporter.eu/,3
https://www.quotidianodipuglia.it/,3
https://www.radiobullets.com/,3
https://www.radiogalileo.it/,3
https://www.radioroma.it/,3
https://www.reggiosera.it/,3
https://www.risoluto.it/,3
https://www.romait.it/,3
https://www.santannapisa.it/,3
https://www.sardegnagol.eu/,3
https://www.sardegnalive.net/,3
https://www.savethechildren.it/,3
https://www.siracusapost.com/,3
https://www.spazioapertosalento.it/,3
https://www.startmag.it/,3
https://www.strettoweb.com/,3
https://www.striscialanotizia.mediaset.it/,3
https://www.triesteallnews.it/,3
https://www.tusciaup.com/,3
https://www.ufficiostampa.provincia.tn.it/,3
https://www.umbriatv.com/,3
https://www.unictmagazine.unict.it/,3
https://www.uniroma1.it/,3
https://www.varesenoi.it/,3
https://www.vicenzatoday.it/,3
https://www.vita.it/,3
https://www.vitawebtv.it/,3
https://www.volonwrite.org/,3
https://www.wikimilano.it/,3
https://www1.prefettura.it/,3
http://ragusalibera.it/,2
http://www.ingenere.it/,2
http://www.umbriadomani.it/,2
https://98zero.com/,2
https://abitarearoma.it/,2
https://anagnia.com/,2
https://anci.lombardia.it/,2
https://aostasera.it/,2
https://baraondanews.it/,2
https://bari.corriere.it/,2
https://bariseranews.it/,2
https://brescia.corriere.it/,2
https://cagliarinews.it/,2
https://certastampa.it/,2
https://citynotizie.it/,2
https://cnoas.org/,2
https://codacons.it/,2
https://corrieredisiena.it/,2
https://corriereuniv.it/,2
https://corsi.tecnicadellascuola.it/,2
https://cronachedi.it/,2
https://demografica.adnkronos.com/,2
https://etnanews24.it/,2
https://euroborsa.it/,2
https://femminicidioitalia.info/,2
https://filatelia.poste.it/,2
https://finanza.repubblica.it/,2
https://firenze.repubblica.it/,2
https://fishets.it/,2
https://friulisera.it/,2
https://gazzettadellaspezia.com/,2
https://genova.repubblica.it/,2
https://goldtv.it/,2
https://ilbolive.unipd.it/,2
https://ilcaffe.tv/,2
https://ilsalvagente.it/,2
https://iltaccodibacco.it/,2
https://infomedianews.com/,2
https://it.insideover.com/,2
https://italia-informa.com/,2
https://labusa.info/,2
https://ladiscussione.com/,2
https://laguida.it/,2
https://lasentinella.gelocal.it/,2
https://lasesia.vercelli.it/,2
https://latinatu.it/,2
https://laziotv.it/,2
https://lecconotizie.com/,2
https://ledicola.it/,2
https://left.it/,2
https://luce.lanazione.it/,2
https://m.cronacheancona.it/,2
https://m.cronachefermane.it/,2
https://m.cronachemaceratesi.it/,2
https://meiweb.it/,2
https://melfilive.it/,2
https://meridionews.it/,2
https://messina.gds.it/,2
https://moveoncalabria.it/,2
https://napoli.comicon.it/,2
https://napolitan.it/,2
https://naufraghi.ch/,2
https://news.robadadonne.it/,2
https://newsdellavalle.com/,2
https://nonsolocontro.it/,2
https://notizie.regione.emilia-romagna.it/,2
https://ntplusentilocaliedilizia.ilsole24ore.com/,2
https://opinione.it/,2
https://orvieto24.it/,2
https://orvietosi.it/,2
https://pagineesteri.it/,2
https://primaalessandria.it/,2
https://primaillevante.it/,2
https://primalamartesana.it/,2
https://primalariviera.it/,2
https://primamerate.it/,2
https://primavicenza.it/,2
https://procura.trento.it/,2
https://progettotouring.it/,2
https://quimesagne.it/,2
https://quotidianocostiera.it/,2
https://quotidianodipalermo.it/,2
https://radiostereosantagata.it/,2
https://reportsicilia.it/,2
https://requadro.com/,2
https://rtp.gazzettadelsud.it/,2
https://sardanews.it/,2
https://sestopotere.com/,2
https://siracusapress.it/,2
https://soloscuola.it/,2
https://sosiride.org/,2
https://superando.it/,2
https://teleregionetv.it/,2
https://telesardegna.it/,2
https://tgverona.telenuovo.it/,2
https://tiburno.tv/,2
https://ticronometro.com/,2
https://trcmodena.it/,2
https://trendsanita.it/,2
https://tv12.medianordest.it/,2
https://tvavicenza.gruppovideomedia.it/,2
https://tvgnews.it/,2
https://umbria7.it/,2
https://unipd-centrodirittiumani.it/,2
https://vastoweb.com/,2
https://wordart.com/,2
https://www.12tvparma.it/,2
https://www.7giorni.info/,2
https://www.abi.it/,2
https://www.aics.gov.it/,2
https://www.alessandria24.com/,2
https://www.amnotizie.it/,2
https://www.ancoraonline.it/,2
https://www.aosp.bo.it/,2
https://www.approdocalabria.it/,2
https://www.arezzo24.net/,2
https://www.articolo21.org/,2
https://www.assocarenews.it/,2
https://www.asst-settelaghi.it/,2
https://www.ats-valpadana.it/,2
https://www.avveniredicalabria.it/,2
https://www.bandieragialla.it/,2
https://www.bergamonews.it/,2
https://www.blunote.it/,2
https://www.boomcrescereneilibri.it/,2
https://www.bresciatoday.it/,2
https://www.cagliaritoday.it/,2
https://www.calabriamagnifica.it/,2
https://www.camerepenali.it/,2
https://www.campobellonews.com/,2
https://www.canalesicilia.it/,2
https://www.casadelledonne-bs.it/,2
https://www.catanzaroinforma.it/,2
https://www.centumcellae.it/,2
https://www.citynow.it/,2
https://www.civico93.it/,2
https://www.comune.bitonto.ba.it/,2
https://www.comune.brescia.it/,2
https://www.comune.grottammare.ap.it/,2
https://www.comune.riccione.rn.it/,2
https://www.comune.scandiano.re.it/,2
https://www.comune.umbertide.pg.it/,2
https://www.confartigianatovicenza.it/,2
https://www.confesercenti.it/,2
https://www.confinelive.it/,2
https://www.contrastotv.it/,2
https://www.corrieredirieti.it/,2
https://www.corriereditaranto.it/,2
https://www.corrierenazionale.net/,2
https://www.corrierepl.it/,2
https://www.corriereromagna.it/,2
https://www.corrieresalentino.it/,2
https://www.cronachedellacampania.it/,2
https://www.csvbrindisilecce.it/,2
https://www.csvtaranto.it/,2
https://www.cusanomediaplay.it/,2
https://www.dedalomultimedia.org/,2
https://www.difesapopolo.it/,2
https://www.diocesitn.it/,2
https://www.dire.it/,2
https://www.diritto.it/,2
https://www.dirittodicronaca.it/,2
https://www.dsps.unict.it/,2
https://www.ecodelsannio.it/,2
https://www.espressione24.it/,2
https://www.eunews.it/,2
https://www.europarl.europa.eu/,2
https://www.farmacianews.it/,2
https://www.farmacista33.it/,2
https://www.ferraratoday.it/,2
https://www.fisascat.it/,2
https://www.focusonafrica.info/,2
https://www.foe.it/,2
https://www.forlinotizie.net/,2
https://www.fortuneita.com/,2
https://www.forumdiplomatico.com/,2
https://www.fpi.it/,2
https://www.gazzettadiparma.it/,2
https://www.gazzettasarda.com/,2
https://www.gazzettasociale.it/,2
https://www.genova24.it/,2
https://www.globusmagazine.it/,2
https://www.gonews.it/,2
https://www.huffingtonpost.it/,2
https://www.icsciannacirincione.edu.it/,2
https://www.ideaginger.it/,2
https://www.ilcrotonese.it/,2
https://www.ildomanibleo.com/,2
https://www.ilfaroonline.it/,2
https://www.ilgazzettinometropolitano.it/,2
https://www.ilmamilio.it/,2
https://www.ilsussidiario.net/,2
https://www.iltabloid.it/,2
https://www.iltquotidiano.it/,2
https://www.immediato.net/,2
https://www.indire.it/,2
https://www.infoans.org/,2
https://www.infocilento.it/,2
https://www.intersos.org/,2
https://www.invitalia.it/,2
https://www.iris.unisa.it/,2
https://www.juorno.it/,2
https://www.kalaritanamedia.it/,2
https://www.lacapitale.it/,2
https://www.lacronaca24.it/,2
https://www.lagazzettaaugustana.it/,2
https://www.lagazzettadilucca.it/,2
https://www.lanotiziagiornale.it/,2
https://www.lanotteonline.it/,2
https://www.lanovitaonline.it/,2
https://www.laprimalinea.it/,2
https://www.laprovinciadicomo.it/,2
https://www.laprovinciaunicatv.it/,2
https://www.lasiciliaweb.it/,2
https://www.laspunta.it/,2
https://www.latinanews.eu/,2
https://www.laverita.info/,2
https://www.lavitacattolica.it/,2
https://www.lavocedelpatriota.it/,2
https://www.lavocediasti.it/,2
https://www.lecceprima.it/,2
https://www.lecodelsud.it/,2
https://www.libertas.sm/,2
https://www.liguria.cgil.it/,2
https://www.loradibrindisi.it/,2
https://www.luccaindiretta.it/,2
https://www.luceraweb.eu/,2
https://www.luinonotizie.it/,2
https://www.merateonline.it/,2
https://www.meridiananotizie.it/,2
https://www.mim.gov.it/,2
https://www.minori.gov.it/,2
https://www.mitomorrow.it/,2
https://www.nordest24.it/,2
https://www.nordestnews.it/,2
https://www.notix.it/,2
https://www.notiziediprato.it/,2
https://www.novetv.com/,2
https://www.numerozero.org/,2
https://www.odg.it/,2
https://www.ondanews.it/,2
https://www.ondarossa.info/,2
https://www.opl.it/,2
https://www.osservatoreromano.va/,2
https://www.osservatoriofamiglia.it/,2
https://www.ottopagine.it/,2
https://www.padovanews.it/,2
https://www.pensionati.cisl.it/,2
https://www.perugiatomorrow.it/,2
https://www.pisatoday.it/,2
https://www.polpenuil.it/,2
https://www.pordenonetoday.it/,2
https://www.primanotizie.it/,2
https://www.provincia.le.it/,2
https://www.provincia.modena.it/,2
https://www.psicologi-italia.it/,2
https://www.puntosudnews.it/,2
https://www.pupia.tv/,2
https://www.qdmnotizie.it/,2
https://www.quibrescia.it/,2
https://www.quindici-molfetta.it/,2
https://www.quotidianodiragusa.it/,2
https://www.quotidianomolise.com/,2
https://www.quotidianopiu.it/,2
https://www.radio5punto9.it/,2
https://www.radioalfa.fm/,2
https://www.radiopico.it/,2
https://www.radiopopolare.it/,2
https://www.radiosienatv.it/,2
https://www.ragusaoggi.it/,2
https://www.rai.it/,2
https://www.ravenna24ore.it/,2
https://www.redazionenews.it/,2
https://www.reggioreport.it/,2
https://www.reggiotv.it/,2
https://www.regione.fvg.it/,2
https://www.regione.sicilia.it/,2
https://www.regione.umbria.it/,2
https://www.regione.veneto.it/,2
https://www.rete55.it/,2
https://www.rgunotizie.it/,2
https://www.rietilife.com/,2
https://www.romagnanotizie.net/,2
https://www.salernonotizie.it/,2
https://www.santannatoday.it/,2
https://www.sassaritoday.it/,2
https://www.sempionenews.it/,2
https://www.settenews.it/,2
https://www.sicilia24h.it/,2
https://www.simlaweb.it/,2
https://www.stampalibera.it/,2
https://www.strisciarossa.it/,2
https://www.studio93.it/,2
https://www.sudnotizie.com/,2
https://www.sullascia.net/,2
https://www.telebari.it/,2
https://www.telejonio.com/,2
https://www.telemontekronio.it/,2
https://www.teleregionelive.it/,2
https://www.teleromagna.it/,2
https://www.telesudweb.it/,2
https://www.terremarsicane.it/,2
https://www.tg24.info/,2
https://www.threads.com/,2
https://www.threads.net/,2
https://www.ticinonews.ch/,2
https://www.torinoggi.it/,2
https://www.trgmedia.it/,2
https://www.trnews.it/,2
https://www.tvimolise.it/,2
https://www.tvprato.it/,2
https://www.uilpolizia.com/,2
https://www.umbriacronaca.it/,2
https://www.unhcr.org/,2
https://www.unipa.it/,2
https://www.unita.tv/,2
https://www.unive.it/,2
https://www.unsertirol24.com/,2
https://www.upday.com/,2
https://www.uslnordovest.toscana.it/,2
https://www.utilitalia.it/,2
https://www.valdinievoleoggi.it/,2
https://www.valigiablu.it/,2
https://www.valored.it/,2
https://www.vdnews.it/,2
https://www.venetonews.it/,2
https://www.veratv.it/,2
https://www.victorialibertas.it/,2
https://www.vitatrentina.it/,2
https://www.viterbonews24.it/,2
https://www.vivereroma.org/,2
https://www.vocedellascuola.it/,2
https://www.vocedipopolo.it/,2
https://www.wltv.it/,2
http://audiopress.it/,1
http://consiglio.regione.umbria.it/,1
http://formazioneinfanzia.it/,1
http://met.cittametropolitana.fi.it/,1
http://telenord.it/,1
http://www.aiafrivista.it/,1
http://www.arezzotv.net/,1
http://www.buongiornoalghero.it/,1
http://www.capuaonline.com/,1
http://www.confraternitadeibianchi.it/,1
http://www.conquistedellavoro.it/,1
http://www.cronachetarantine.it/,1
http://www.enaip.piemonte.it/,1
http://www.fedoa.unina.it/,1
http://www.fedoabooks.unina.it/,1
http://www.gianmariacomolli.it/,1
http://www.ilpiacenza.it/,1
http://www.ilvescovado.it/,1
http://www.imprese-lavoro.com/,1
http://www.lavocedelserchio.it/,1
http://www.laziodisco.it/,1
http://www.metalhammer.it/,1
http://www.montalcinonews.com/,1
http://www.news.admin.ch/,1
http://www.osservatoriosullalegalita.org/,1
http://www.reggiotv.it/,1
http://www.regione.emilia-romagna.it/,1
http://www.siciliaunonews.com/,1
http://www.sinergiediscuola.it/,1
http://www.spoletooggi.it/,1
https://2025.festivalsvilupposostenibile.it/,1
https://24live.it/,1
https://2man.be/,1
https://365.rtvslo.si/,1
https://abrescia.giornaledibrescia.it/,1
https://abruzzoweb.it/,1
https://adv.unimib.it/,1
https://agenziastampaitalia.it/,1
https://aizkorri.fr/,1
https://algherolive.it/,1
https://altopascio.info/,1
https://altreconomia.it/,1
https://amiciziaitalo-palestinese.org/,1
https://amp.laregione.ch/,1
https://anionews.altervista.org/,1
https://arzyncampo.altervista.org/,1
https://audiopress.it/,1
https://azionecattolica.it/,1
https://backend.4live.it/,1
https://bari.repubblica.it/,1
https://barletta.news24.city/,1
https://barlettalive.it/,1
https://barlettaweb24.it/,1
https://bergamo.corriere.it/,1
https://blog.uaar.it/,1
https://blogcq24.com/,1
https://bontworry.org/,1
https://books.google.com/,1
https://bookstore.despar.it/,1
https://bsky.app/,1
https://bur.regione.emilia-romagna.it/,1
https://bur.regione.veneto.it/,1
https://calabria.live/,1
https://calciocesena.com/,1
https://campaniafelix.tv/,1
https://canaledieci.it/,1
https://canavesenews.it/,1
https://careonline.it/,1
https://caserta.corriere.it/,1
https://casertaweb.com/,1
https://catania.gds.it/,1
https://centropadrenostro.it/,1
https://cesvi.org/,1
https://chiaraeditrice.com/,1
https://close-up.info/,1
https://community.omniavis.it/,1
https://comozero.it/,1
https://comune.bacoli.na.it/,1
https://comune.benevento.it/,1
https://comune.brescia.it/,1
https://comune.torricellasicura.te.it/,1
https://comunicalo.it/,1
https://conflombardia.com/,1
https://conts.it/,1
https://cooperativaeva.com/,1
https://coriglianocalabro.it/,1
https://corrieredimaremma.it/,1
https://corrierelucchese.it/,1
https://corsi.unibo.it/,1
https://crema-news.it/,1
https://cri.it/,1
https://cub.it/,1
https://cultura.cervantes.es/,1
https://cupofgreentea.it/,1
https://dailynewshungary.com/,1
https://diariopontino.it/,1
https://diffusionimusicali.org/,1
https://dilei.it/,1
https://diocesigubbio.it/,1
https://dokumen.pub/,1
https://dta.cnr.it/,1
https://e-tv.it/,1
https://earone.com/,1
https://ecoaltomolise.net/,1
https://edicola.shop/,1
https://edizionecaserta.net/,1
https://emiliatimes.it/,1
https://etvmarche.it/,1
https://eurispes.eu/,1
https://europaverde.it/,1
https://fashionlifeweb.it/,1
https://fermo.cna.it/,1
https://fisacabruzzomolise.com/,1
https://fondazionefeltrinelli.it/,1
https://fondieuropei.regione.emilia-romagna.it/,1
https://forum.alfemminile.com/,1
https://forumcorriere.corriere.it/,1
https://fumettologica.it/,1
https://fundspeople.com/,1
https://gazzettadimalta.com/,1
https://gazzettadimodena.gelocal.it/,1
https://genova.confesercenti.it/,1
https://giovanidee.it/,1
https://giteslescale.fr/,1
https://giuriss.uniss.it/,1
https://goriziaoggi.news/,1
https://group.intesasanpaolo.com/,1
https://gualdonews.it/,1
https://guidatv.quotidiano.net/,1
https://hopemedia.it/,1
https://iiscolajannienna.edu.it/,1
https://il-catenaccio.it/,1
https://ilcentrotirreno.it/,1
https://ildispaccio.it/,1
https://ilfuturoquotidiano.it/,1
https://ilpopolopordenone.it/,1
https://indico.ict.inaf.it/,1
https://informazionecomunicazione.it/,1
https://insegreto.com/,1
https://integrazionemigranti.gov.it/,1
https://iris.uniroma1.it/,1
https://iris.univr.it/,1
https://it.globalvoices.org/,1
https://itacanotizie.it/,1
https://italianinews.com/,1
https://italy.representation.ec.europa.eu/,1
https://ivl24.it/,1
https://kapsalonclipz.be/,1
https://lagiustizia.net/,1
https://lanazione.cronistinclasse.it/,1
https://lanuovabq.it/,1
https://laprovinciapavese.gelocal.it/embed/pavia/cronaca/2025/04/17/video/femminicidio_-_suicidio_di_confienza_i_funerali-15107251/?adref=None&el=player_ex_15107251&autostart=true&vpa=auto&wpm&nomzvpl&type=article_detail&pageWithPaywall=0&w_t_pagehref=https://laprovinciapavese.gelocal.it/,1
https://laprovinciarieti.it/,1
https://laroma24.it/,1
https://lavialibera.it/,1
https://lavocedinewyork.com/,1
https://lavoraconnoi.carrefour.it/,1
https://legacooptoscana.coop/,1
https://lentepubblica.it/,1
https://lepersoneeladignita.corriere.it/,1
https://libreriamo.it/,1
https://life.unige.it/,1
https://liguria.usb.it/,1
https://lokkio.it/,1
https://lucerabynight.it/,1
https://lucysullacultura.com/,1
https://m.brindisisera.it/,1
https://m.imdb.com/,1
https://m.youtube.com/,1
https://manewspiceno.it/,1
https://marsicalive.it/,1
https://massilosa.com/,1
https://masterx.iulm.it/,1
https://me.usr.sicilia.it/,1
https://metronews.it/,1
https://mianews.it/,1
https://milano.lamilano.it/,1
https://molfettalive.it/,1
https://mondonuovonews.com/,1
https://multimediale.comune.napoli.it/,1
https://music.amazon.co.uk/,1
https://napoli.corriere.it/,1
https://napoli.lamilano.it/,1
https://napolimonitor.it/,1
https://nbassistante.fr/,1
https://necrologie.lasentinella.gelocal.it/,1
https://news.fidelityhouse.eu/,1
https://news.provincia.bz.it/,1
https://nextstopreggio.it/,1
https://nonsolorosa.it/,1
https://normalenews.sns.it/,1
https://novate-milanese.e-pal.it/,1
https://nursetimes.org/,1
https://oggilazio.it/,1
https://old.comune.pula.ca.it/,1
https://onuitalia.com/,1
https://opencity.comune.bolzano.it/,1
https://oraquadra.info/,1
https://ordinemedicilatina.it/,1
https://osservatorionomilscuola.com/,1
https://pagamentipa.comune.sanroccoalporto.lo.it/,1
https://pariopportunita.provincia.bz.it/,1
https://pdregionelombardia.it/,1
https://piao.dfp.gov.it/,1
https://piazzamartirinews.com/,1
https://pinograzioli.news/,1
https://pisanews.net/,1
https://podcasts.nu/,1
https://politiche-energetiche.regione.puglia.it/,1
https://portalecug.gov.it/,1
https://primailcanavese.it/,1
https://primalecco.it/,1
https://primapadova.it/,1
https://primareggioemilia.it/,1
https://primasaronno.it/,1
https://primavercelli.it/,1
https://pub1kzsxywq.volprociv-rer.it/,1
https://quartieri.comune.fi.it/,1
https://quindicinews.it/,1
https://quinlan.it/,1
https://quisalute.online/,1
https://quotidianodifoggia.it/,1
https://radiofm1.it/,1
https://radiogold.it/,1
https://radionbc.it/,1
https://radionorba.it/,1
https://radiotaormina.it/,1
https://realcultura.it/,1
https://reggio.gazzettadelsud.it/,1
https://reggiofocus.it/,1
https://research.unite.it/,1
https://rewriters.it/,1
https://riflessimag.it/,1
https://risveglioduemila.it/,1
https://robertavilla.substack.com/,1
https://romamobilita.it/,1
https://salto.bz/,1
https://sanmarinortv.sm/,1
https://sardegna.lamilano.it/,1
https://sardies.it/,1
https://servicematica.com/,1
https://servizi.comune.milano.it/,1
https://sicilia.gazzettadelsud.it/,1
https://siciliamedica.com/,1
https://siciliatabloid.it/,1
https://sinofilia.es/,1
https://site.unibo.it/,1
https://siusa-archivi.cultura.gov.it/,1
https://smart.comune.genova.it/,1
https://sport.quotidiano.net/,1
https://startupitalia.eu/,1
https://studiquestionecriminale.wordpress.com/,1
https://style.corriere.it/,1
https://tarantosera.it/,1
https://telemolise.com/,1
https://telequattro.medianordest.it/,1
https://teleromagna.it/,1
https://temi.camera.it/,1
https://temponews.it/,1
https://teresigiovanni.wordpress.com/,1
https://termolionline.it/,1
https://terninrete.it/,1
https://terzultimafermata.blog/,1
https://thesis.unipd.it/,1
https://trapani.gds.it/,1
https://trapanioggi.it/,1
https://trcbologna.it/,1
https://trt.global/,1
https://tv.tiscali.it/,1
https://twitter.com/,1
https://uke.it/,1
https://umanitanova.org/,1
https://universityresearch.erickson.it/,1
https://uno4.it/,1
https://unric.org/,1
https://usr.istruzionelombardia.gov.it/,1
https://verdisinistra.it/,1
https://versiliapost.it/,1
https://vittorianozanolli.it/,1
https://vtrend.it/,1
https://webmagazine.unitn.it/,1
https://webtv.camera.it/,1
https://wordnews.it/,1
https://www.055firenze.it/,1
https://www.100kmdelpassatore.it/,1
https://www.100torri.it/,1
https://www.105.net/,1
https://www.31mag.nl/,1
https://www.7comunionline.it/,1
https://www.abogacia.es/,1
https://www.aboutamazon.it/,1
https://www.abruzzo24ore.tv/,1
https://www.activenews.it/,1
https://www.adriaeco.eu/,1
https://www.agendapolitica.it/,1
https://www.agenfood.it/,1
https://www.agenziaeventi.org/,1
https://www.agenziavista.it/,1
https://www.agisweb.it/,1
https://www.agrigentooggi.it/,1
https://www.agrtv.it/,1
https://www.aics.it/,1
https://www.aise.it/,1
https://www.alfiere.online/,1
https://www.algheroeco.com/,1
https://www.almablog.it/,1
https://www.alpauno.com/,1
https://www.altovicentinonline.it/,1
https://www.altramantova.it/,1
https://www.amicidicapracotta.com/,1
https://www.anaao.it/,1
https://www.ancescao.it/,1
https://www.anci.it/,1
https://www.andos-ud.it/,1
https://www.antenna3.tv/,1
https://www.anteprima24.it/,1
https://www.apss.tn.it/,1
https://www.arcigay.it/,1
https://www.arciserviziocivile.it/,1
https://www.area-c.it/,1
https://www.arona24.it/,1
https://www.artestv.it/,1
https://www.artribune.com/,1
https://www.asianews.it/,1
https://www.asl2.liguria.it/,1
https://www.aslroma1.it/,1
https://www.aslto3.piemonte.it/,1
https://www.aspbasilicata.it/,1
https://www.aspicodv.com/,1
https://www.asppalermo.org/,1
https://www.associazioneedela.it/,1
https://www.associazionelui.it/,1
https://www.assogestioni.it/,1
https://www.asst-lodi.it/,1
https://www.asst-mantova.it/,1
https://www.asst-spedalicivili.it/,1
https://www.atnews.it/,1
https://www.balcanicaucaso.org/,1
https://www.barbarafabbroni.it/,1
https://www.bariviva.it/,1
https://www.barlettanews24.it/,1
https://www.bellunesinelmondo.info/,1
https://www.besicilymag.it/,1
https://www.binews.it/,1
https://www.bluerating.com/,1
https://www.bluewin.ch/,1
https://www.bologna2000.com/,1
https://www.bolognacronaca.it/,1
https://www.bolognametropolitana.it/,1
https://www.bookdealer.it/,1
https://www.brocardi.it/,1
https://www.brontolodicelasua.it/,1
https://www.buongiornonovara.com/,1
https://www.buongiornosuedtirol.it/,1
https://www.caffedistretto.it/,1
https://www.cagliarilivemagazine.it/,1
https://www.cagliaritomorrow.it/,1
https://www.calabriadirettanews.com/,1
https://www.calabriainchieste.it/,1
https://www.calabrianews24.com/,1
https://www.calciomercato.com/,1
https://www.camminosiracusa.it/,1
https://www.campadidanza.it/,1
https://www.canosaweb.it/,1
https://www.caputmundi.info/,1
https://www.caritas.it/,1
https://www.caritasroma.it/,1
https://www.carmillaonline.com/,1
https://www.casadelladonnapisa.it/,1
https://www.casalenews.it/,1
https://www.cascinanotizie.it/,1
https://www.casilinanews.it/,1
https://www.castelloincantato.it/,1
https://www.catanzarochannel.it/,1
https://www.centriantiviolenzaer.it/,1
https://www.centritalianews.it/,1
https://www.centroantiviolenza.org/,1
https://www.centroeducazionepermanente.it/,1
https://www.centropadrenostro.it/,1
https://www.cerignolaviva.it/,1
https://www.cgilreggioemilia.it/,1
https://www.change.org/,1
https://www.channeldraw.org/,1
https://www.chiesadiverona.it/,1
https://www.chirmed.unict.it/,1
https://www.cineblog.it/,1
https://www.cinemaitaliano.info/,1
https://www.cinematografo.it/,1
https://www.cinezapping.com/,1
https://www.ciociariaoggi.it/,1
https://www.cittadellaspezia.com/,1
https://www.cittametropolitanaroma.it/,1
https://www.civuolecostanza.it/,1
https://www.clonline.org/,1
https://www.cnr.it/,1
https://www.commissariatodips.it/,1
https://www.comune.alba.cn.it/,1
https://www.comune.albino.bg.it/,1
https://www.comune.arco.tn.it/,1
https://www.comune.arezzo.it/,1
https://www.comune.bari.it/,1
https://www.comune.bastia.pg.it/,1
https://www.comune.cabras.or.it/,1
https://www.comune.caltanissetta.it/,1
https://www.comune.casale-monferrato.al.it/,1
https://www.comune.ciampino.roma.it/,1
https://www.comune.cremona.it/,1
https://www.comune.cuneo.it/,1
https://www.comune.fi.it/,1
https://www.comune.firenze.it/,1
https://www.comune.gandino.bg.it/,1
https://www.comune.giugliano.na.it/,1
https://www.comune.ivrea.to.it/,1
https://www.comune.leffe.bg.it/,1
https://www.comune.livorno.it/,1
https://www.comune.luratecaccivio.co.it/,1
https://www.comune.mesagne.br.it/,1
https://www.comune.montelupo-fiorentino.fi.it/,1
https://www.comune.montoro.av.it/,1
https://www.comune.napoli.it/,1
https://www.comune.noviligure.al.it/,1
https://www.comune.orvieto.tr.it/,1
https://www.comune.parma.it/,1
https://www.comune.pavia.it/,1
https://www.comune.pesaro.pu.it/,1
https://www.comune.pietrasanta.lu.it/,1
https://www.comune.poggibonsi.si.it/,1
https://www.comune.pordenone.it/,1
https://www.comune.reggioemilia.it/,1
https://www.comune.rimini.it/,1
https://www.comune.salerno.it/,1
https://www.comune.sanmartinodivenezze.ro.it/,1
https://www.comune.sassari.it/,1
https://www.comune.sassuolo.mo.it/,1
https://www.comune.trieste.it/,1
https://www.comune.udine.it/,1
https://www.comune.varmo.ud.it/,1
https://www.comune.vercelli.it/,1
https://www.comunicati-stampa.fvg.it/,1
https://www.comunicazioneitaliana.it/,1
https://www.confartigianato.ra.it/,1
https://www.confcommerciocalabriacentrale.it/,1
https://www.confesercenti.siena.it/,1
https://www.consiglio.regione.fvg.it/,1
https://www.consiglioveneto.it/web/crv/dettaglio?id=72674855&backLink=https://www.consiglioveneto.it/,1
https://www.consulentidellavoro.it/,1
https://www.controluce.it/,1
https://www.controvento.online/,1
https://www.coppem.org/,1
https://www.corrieredelleconomia.it/,1
https://www.corrieredellosport.it/,1
https://www.corrieredilamezia.it/,1
https://www.corriereelorino.it/,1
https://www.corrieretneo.it/,1
https://www.cosmopolitan.com/,1
https://www.costaviolanews.it/,1
https://www.cr.campania.it/,1
https://www.cr.piemonte.it/,1
https://www.cronaca.news/,1
https://www.cronacacomune.it/,1
https://www.cronacadiverona.com/,1
https://www.cronacaonline.it/,1
https://www.cronachejunior.it/,1
https://www.csvbasilicata.it/,1
https://www.csvfoggia.it/,1
https://www.cultandsocial.it/,1
https://www.culturabologna.it/,1
https://www.culturaveneto.it/,1
https://www.cuneocronaca.it/,1
https://www.dailybest.it/,1
https://www.danzaedanza.com/,1
https://www.danzasi.it/,1
https://www.ddsp.univr.it/,1
https://www.deputatipd.it/,1
https://www.dererker.it/,1
https://www.des.unimore.it/,1
https://www.diario1984.it/,1
https://www.difesamagazine.com/,1
https://www.digitradio.it/,1
https://www.dimensioneinfermiere.it/,1
https://www.diocesicastellaneta.net/,1
https://www.diocesidicremona.it/,1
https://www.direttasicilia.it/,1
https://www.ditutto.it/,1
https://www.doctor33.it/,1
https://www.donnamoderna.com/,1
https://www.donnealtri.it/,1
https://www.donneierioggiedomani.it/,1
https://www.doppiadifesa.it/,1
https://www.ecaserta.com/,1
https://www.ecodelcinema.com/,1
https://www.ecodellalocride.it/,1
https://www.ecovicentino.it/,1
https://www.edge-glbt.it/,1
https://www.ehabitat.it/,1
https://www.eleonoramattia.it/,1
https://www.ersaf.it/,1
https://www.esperienzeconilsud.it/,1
https://www.esteri.it/,1
https://www.eurokomonline.eu/,1
https://www.europeantimes.news/,1
https://www.eurosport.it/,1
https://www.faicisl.it/,1
https://www.falcri-is.com/,1
https://www.fashionnewsmagazine.com/,1
https://www.federagione.org/,1
https://www.federalismi.it/,1
https://www.federprivacy.org/,1
https://www.figc.it/,1
https://www.filctemcgil.it/,1
https://www.finestraperta.it/,1
https://www.firenzedintorni.it/,1
https://www.firstcisl.it/,1
https://www.fisac-cgil.it/,1
https://www.fitlevel.it/,1
https://www.fiumicino-online.it/,1
https://www.flcgil.it/,1
https://www.fondazionecsc.it/,1
https://www.forensicnews.it/,1
https://www.forumitalia.info/,1
https://www.fpcgilemiliaromagna.it/,1
https://www.friulab.it/,1
https://www.frosinonenews.eu/,1
https://www.fsitaliane.it/,1
https://www.fsnews.it/,1
https://www.fvgcafe.it/,1
https://www.gaetanews24.it/,1
https://www.gardanotizie.it/,1
https://www.gay.it/,1
https://www.gazzettadellaspezia.it/,1
https://www.gazzettadellirpinia.it/,1
https://www.gazzettamatin.com/,1
https://www.gazzettaufficiale.it/,1
https://www.gazzettinodelchianti.it/,1
https://www.gdoweek.it/,1
https://www.genova3000.it/,1
https://www.geronimo.news/,1
https://www.gildalatina.org/,1
https://www.giornalealtopiano.it/,1
https://www.giornaledelbisenzio.it/,1
https://www.giornaledelcilento.it/,1
https://www.giornalediplomatico.it/,1
https://www.giornalemetropolitano.com/,1
https://www.giustizianews24.it/,1
https://www.glistatigenerali.com/,1
https://www.globalist.it/,1
https://www.glpress.it/,1
https://www.gnewsonline.it/,1
https://www.gomrc.it/,1
https://www.grammichele.eu/,1
https://www.grupposportivoghisa.it/,1
https://www.gruppotim.it/,1
https://www.guidapsicologi.it/,1
https://www.h24notizie.com/,1
https://www.hellasverona.it/,1
https://www.helpconsumatori.it/,1
https://www.historicaedizioni.com/,1
https://www.historicum.net/,1
https://www.html.it/,1
https://www.ic29miragliasogliano.edu.it/,1
https://www.icmazzini.edu.it/,1
https://www.idealista.it/,1
https://www.idearadionelmondo.it/,1
https://www.ideawebtv.it/,1
https://www.iistorriani.it/,1
https://www.ilbiellese.it/,1
https://www.ilcarinese.it/,1
https://www.ilcarmagnolese.it/,1
https://www.ilcentro.it/,1
https://www.ilcittadinoonline.it/,1
https://www.ildenaro.it/,1
https://www.ildiariodellavoro.it/,1
https://www.ildifforme.it/,1
https://www.ilfilo.net/,1
https://www.ilfoglio.it/,1
https://www.ilfriuli.it/,1
https://www.ilgazzettinonuovo.it/,1
https://www.ilgiornaledelmolise.it/,1
https://www.ilgiornaledelpiemonteedellaliguria.it/,1
https://www.ilgiornaleditrani.net/,1
https://www.ilgiunco.net/,1
https://www.ilmediano.com/,1
https://www.ilmercoledi.news/,1
https://www.ilmondonuovo.club/,1
https://www.ilmoscone.it/,1
https://www.ilnordestquotidiano.it/,1
https://www.ilnotiziario.net/,1
https://www.ilnuovogiornaleweb.it/,1
https://www.ilpartitocomunistaitaliano.it/,1
https://www.ilpiccolo.net/,1
https://www.ilpuntocoldiretti.it/,1
https://www.ilpuntoquotidiano.it/,1
https://www.ilsipontino.net/,1
https://www.ilsolidale.it/,1
https://www.ilsud24.it/,1
https://www.iltascabile.com/,1
https://www.iltempionews.com/,1
https://www.imgpress.it/,1
https://www.imperiatv.it/,1
https://www.infoaut.org/,1
https://www.infodata.ilsole24ore.com/,1
https://www.infomessina.it/,1
https://www.informamolise.com/,1
https://www.informatissimo.net/,1
https://www.ingenere.it/,1
https://www.ingmo.unimore.it/,1
https://www.insalutenews.it/,1
https://www.insiemenews.it/,1
https://www.insurzine.com/,1
https://www.internationalwebpost.org/,1
https://www.iris.unina.it/,1
https://www.isantini.it/,1
https://www.isisarchimede.edu.it/,1
https://www.iss.it/,1
https://www.iss.it/web/guest//news/,1
https://www.istruzioneer.gov.it/,1
https://www.italia2news.it/,1
https://www.italiachecambia.org/,1
https://www.italianitalianinelmondo.com/,1
https://www.italianopercaso.it/,1
https://www.italiaoggi.it/,1
https://www.iulm.it/,1
https://www.juliet-artmagazine.com/,1
https://www.korazym.org/,1
https://www.labussolanews.it/,1
https://www.lacascina.it/,1
https://www.lacerbaonline.it/,1
https://www.lacittadelnordmilano.it/,1
https://www.ladolcevita.tv/,1
https://www.lafeltrinelli.it/,1
https://www.lagazzettadelcalatino.it/,1
https://www.lagazzettadiviareggio.it/,1
https://www.lagone.it/,1
https://www.lalaziosiamonoi.it/,1
https://www.lamescolanza.com/,1
https://www.lameziainforma.it/,1
https://www.lameziaterme.it/,1
https://www.lamiafinanza.it/,1
https://www.lanotiziacondivisa.it/,1
https://www.lapressa.it/,1
https://www.laprimapagina.it/,1
https://www.laprovinciakr.it/,1
https://www.laquilablog.it/,1
https://www.larecherche.it/,1
https://www.latinacorriere.it/,1
https://www.latuaetruria.it/,1
https://www.lavocedeigiornalisti.com/,1
https://www.lavocedelterritorio.it/,1
https://www.lavocedialba.it/,1
https://www.lavocedibolzano.it/,1
https://www.lavocedigenova.it/,1
https://www.lavocedilucca.it/,1
https://www.lavocedivenezia.it/,1
https://www.lazioinnova.it/,1
https://www.leccecronaca.it/,1
https://www.lecceoggi.com/,1
https://www.lecostituzionaliste.it/,1
https://www.lettera43.it/,1
https://www.letteraemme.it/,1
https://www.leurispes.it/,1
https://www.levantenews.it/,1
https://www.liberoreporter.it/,1
https://www.libraccio.it/,1
https://www.libreriailpapiro.it/,1
https://www.libreriauniversitaria.it/,1
https://www.libreriavialaura.it/,1
https://www.libroco.it/,1
https://www.liceoasproni.edu.it/,1
https://www.liguria24.it/,1
https://www.ligurianotizie.it/,1
https://www.lincontro.news/,1
https://www.linearosa.it/,1
https://www.linkedin.com/,1
https://www.linkiesta.it/,1
https://www.linterferenza.info/,1
https://www.lions108yb.it/,1
https://www.liratv.it/,1
https://www.litalianonews.it/,1
https://www.livornotoday.it/,1
https://www.lnd.it/,1
https://www.lombardianotizie.online/,1
https://www.lospecialegiornale.it/,1
https://www.lospiffero.com/,1
https://www.lostrillonenews.it/,1
https://www.lsdmagazine.com/,1
https://www.lucialibri.it/,1
https://www.luniversitario.it/,1
https://www.madehse.com/,1
https://www.mag2.it/,1
https://www.magaze.it/,1
https://www.magazine.unimore.it/,1
https://www.magherno.it/,1
https://www.malindikenya.net/,1
https://www.manduriaoggi.it/,1
https://www.marcheweekend.it/,1
https://www.maremmaoggi.net/,1
https://www.marigliano.net/,1
https://www.materanews.net/,1
https://www.mattinonline.ch/,1
https://www.mediaesipario.it/,1
https://www.mediaoneonline.it/,1
https://www.medicalexcellencetv.it/,1
https://www.meer.com/,1
https://www.melobox.it/,1
https://www.meltingpot.org/,1
https://www.mentelocale.it/,1
https://www.messaggeromarittimo.it/,1
https://www.mestyle.it/,1
https://www.metamagazine.it/,1
https://www.mi-lorenteggio.com/,1
https://www.micromega.net/,1
https://www.milanofinanza.it/,1
https://www.milleniumbs.com/,1
https://www.miocomune.tv/,1
https://www.molvenafy.it/,1
https://www.mondodonna-onlus.it/,1
https://www.mondospettacolo.com/,1
https://www.moralizzatore.it/,1
https://www.napolivillage.com/,1
https://www.narrativeoflives.com/,1
https://www.ncanews.it/,1
https://www.nessunotocchicaino.it/,1
https://www.nev.it/,1
https://www.news-24.it/,1
https://www.nlr.plus/,1
https://www.noinotizie.it/,1
https://www.notiziegeopolitiche.net/,1
https://www.novaradio.info/,1
https://www.novaratoday.it/,1
https://www.nove.firenze.it/,1
https://www.nssgclub.com/,1
https://www.ntacalabria.it/,1
https://www.nurse24.it/,1
https://www.obiettivoeuropa.com/,1
https://www.obiettivoscuola.it/,1
https://www.oggi.it/,1
https://www.oggiacomo.it/,1
https://www.ogginuoro.it/,1
https://www.okmugello.it/,1
https://www.okvaldisieve.it/,1
https://www.olbia.it/,1
https://www.olbianova.it/,1
https://www.omceoisernia.it/,1
https://www.omceovenezia.it/,1
https://www.ondawebtv.it/,1
https://www.ontuscia.it/,1
https://www.openchanneltv.it/,1
https://www.orabuca.it/,1
https://www.ordineavvocaticaltagirone.it/,1
https://www.ordineavvocaticatania.it/,1
https://www.ordineavvocatilivorno.it/,1
https://www.ordineostetricipalermo.it/,1
https://www.ordinepsicologiveneto.it/,1
https://www.orticaweb.it/,1
https://www.osimoedintorni.info/,1
https://www.ostetricheinterve.it/,1
https://www.ottopermillevaldese.org/,1
https://www.paesesera.toscana.it/,1
https://www.panorama.it/,1
https://www.patriaindipendente.it/,1
https://www.paxchristi.it/,1
https://www.pazienti.it/,1
https://www.pdcomunalepontassieve.it/,1
https://www.peacelink.it/,1
https://www.periferiacapitale.org/,1
https://www.periscopionline.it/,1
https://www.persemprenews.it/,1
https://www.personecondisabilita.it/,1
https://www.pinkblog.it/,1
https://www.pisa-airport.com/,1
https://www.plus-magazine.it/,1
https://www.policlinico.mi.it/,1
https://www.policymakermag.it/,1
https://www.politicainsieme.com/,1
https://www.polito.it/,1
https://www.popolis.it/,1
https://www.portadimare.it/,1
https://www.portalecce.it/,1
https://www.potenzanews.net/,1
https://www.pressreader.com/,1
https://www.primacampania.it/,1
https://www.primapaginapartanna.it/,1
https://www.primapaginatrapani.it/,1
https://www.primocanale.it/,1
https://www.primonumero.it/,1
https://www.primopianomolise.it/,1
https://www.progetto-radici.it/,1
https://www.programmaintegra.it/,1
https://www.protezionecivile.gov.it/,1
https://www.provincia.fe.it/,1
https://www.provincia.pistoia.it/,1
https://www.provincia.pv.it/,1
https://www.provincia.ra.it/,1
https://www.provincia.salerno.it/,1
https://www.pugliain.net/,1
https://www.puntosicuro.it/,1
https://www.qdpnews.it/,1
https://www.qfiumicino.com/,1
https://www.quasimezzogiorno.com/,1
https://www.questionegiustizia.it/,1
https://www.quicomo.it/,1
https://www.quilicata.it/,1
https://www.quinewspisa.it/,1
https://www.quinewsvaldera.it/,1
https://www.quirinale.it/,1
https://www.quotidianocanavese.it/,1
https://www.quotidianodelsud.it/,1
https://www.quotidianolavoce.it/,1
https://www.quotidianopiemontese.it/,1
https://www.radioamica.it/,1
https://www.radiobrunobrescia.it/,1
https://www.radiocittafujiko.it/,1
https://www.radiodigiesse.net/,1
https://www.radiolaquila1.it/,1
https://www.radiolaser.it/,1
https://www.radiolombardia.it/,1
https://www.radiomugello.it/,1
https://www.radiondadurto.org/,1
https://www.radiopnr.it/,1
https://www.radioradio.it/,1
https://www.radiosapienza.net/,1
https://www.radiostudio7.net/,1
https://www.radiotorremacauda.it/,1
https://www.ragionierieprevidenza.it/,1
https://www.ragusah24.it/,1
https://www.raiplaysound.it/,1
https://www.ravennaedintorni.it/,1
https://www.ravennanotizie.it/,1
https://www.ravennawebtv.it/,1
https://www.rbcasting.com/,1
https://www.rcsradio.it/,1
https://www.redacon.it/,1
https://www.reggionelpallone.it/,1
https://www.regione.liguria.it/,1
https://www.regione.piemonte.it/,1
https://www.reportpistoia.com/,1
https://www.reportsardegna24.it/,1
https://www.reportweb.tv/,1
https://www.researchgate.net/,1
https://www.resegoneonline.it/,1
https://www.rete8.it/,1
https://www.reteabruzzo.com/,1
https://www.retegargano.it/,1
https://www.retisolidali.it/,1
https://www.rietinvetrina.it/,1
https://www.rightsreporter.org/,1
https://www.rimininews24.it/,1
https://www.rivieraweb.it/,1
https://www.rockit.it/,1
https://www.romanews.eu/,1
https://www.romasette.it/,1
https://www.romatomorrow.it/,1
https://www.rotary2072.org/,1
https://www.rtalive.it/,1
https://www.rtmweb.it/,1
https://www.saluteinternazionale.info/,1
https://www.sanitainformazione.it/,1
https://www.sanremonews.it/,1
https://www.santagatainforma.it/,1
https://www.sardegnaierioggidomani.com/,1
https://www.sardiniapost.it/,1
https://www.sarnonotizie.it/,1
https://www.sassilive.it/,1
https://www.sassuolo2000.it/,1
https://www.sbs.com.au/,1
https://www.scambieuropei.info/,1
https://www.sciclivideonotizie.it/,1
https://www.scienzepolitiche.unina.it/,1
https://www.sciscianonotizie.it/,1
https://www.scuoladonnedigoverno.it/,1
https://www.scuolainforma.news/,1
https://www.scuolamagistratura.it/,1
https://www.scuolamediaverganapoli.edu.it/,1
https://www.scuolecefa.it/,1
https://www.segretaricomunalivighenzi.it/,1
https://www.senzacolonnenews.it/,1
https://www.settimanalediocesidicomo.it/,1
https://www.shmag.it/,1
https://www.sicilianews.it/,1
https://www.sikelian.it/,1
https://www.sikilynews.it/,1
https://www.simcarabinieri.it/,1
https://www.sinergiediscuola.it/,1
https://www.sintony.it/,1
https://www.skuola.net/,1
https://www.solobike.it/,1
https://www.sololecce.it/,1
https://www.soroptimist.it/,1
https://www.sospsiche.it/,1
https://www.soveratoweb.com/,1
https://www.spazionotizia.it/,1
https://www.spiweb.it/,1
https://www.sportlegnano.it/,1
https://www.sslazio.it/,1
https://www.stabiachannel.it/,1
https://www.stampaparlamento.it/,1
https://www.stelladitalianews.com/,1
https://www.stiletv.it/,1
https://www.strill.it/,1
https://www.stylo24.it/,1
https://www.subito.it/,1
https://www.superabile.it/,1
https://www.svsdad.it/,1
https://www.tamtamtv.it/,1
https://www.targatocn.it/,1
https://www.taxidrivers.it/,1
https://www.tcftv.it/,1
https://www.teatroarcobaleno.net/,1
https://www.teleacras.it/,1
https://www.telecolor.net/,1
https://www.telefonoamicosassari.it/,1
https://www.telegolfo.com/,1
https://www.telegranducato.it/,1
https://www.teleradiopace.tv/,1
https://www.telespazioplay.com/,1
https://www.telestense.it/,1
https://www.teletruria.it/,1
https://www.teletutto.it/,1
https://www.televallo.it/,1
https://www.ternilife.com/,1
https://www.terzapaginamagazine.com/,1
https://www.tfnweb.it/,1
https://www.tg10.it/,1
https://www.thewatcherpost.it/,1
https://www.thewaymagazine.it/,1
https://www.thinkmovies.it/,1
https://www.tirocini.unina.it/,1
https://www.today24.info/,1
https://www.torinoclick.it/,1
https://www.torrechannel.it/,1
https://www.torresette.news/,1
https://www.toscanaindiretta.it/,1
https://www.tpi.it/,1
https://www.trapanisi.it/,1
https://www.trasimenooggi.it/,1
https://www.treffpunkteuropa.de/,1
https://www.trentinotv.it/,1
https://www.tribunatreviso.it/,1
https://www.triestecafe.it/,1
https://www.triesteprima.it/,1
https://www.trmweb.it/,1
https://www.truemetal.it/,1
https://www.tunews24.it/,1
https://www.turismofvg.it/,1
https://www.tuttosport.com/,1
https://www.tvcampiflegrei.it/,1
https://www.tviweb.it/,1
https://www.tvsvizzera.it/,1
https://www.uilpa.it/,1
https://www.umbria360.it/,1
https://www.umbriaon.it/,1
https://www.un-industria.it/,1
https://www.uniba.it/,1
https://www.unicaradio.it/,1
https://www.unicef.it/,1
https://www.unich.it/,1
https://www.unicredit.it/,1
https://www.unime.it/,1
https://www.unina.it/,1
https://www.unipg.it/,1
https://www.unipi.it/,1
https://www.unirc.it/,1
https://www.unita.it/,1
https://www.unito.it/,1
https://www.usb.it/,1
https://www.uslsudest.toscana.it/,1
https://www.usr.sicilia.it/,1
https://www.v-news.it/,1
https://www.vaccarinews.it/,1
https://www.valledaostaglocal.it/,1
https://www.valmisa.com/,1
https://www.valseriana.eu/,1
https://www.valseriananews.it/,1
https://www.valtellinanews.it/,1
https://www.valtellinanotizie.com/,1
https://www.vareseinforma.it/,1
https://www.ventonuovo.eu/,1
https://www.vercellinotizie.it/,1
https://www.vesuviolive.it/,1
https://www.vetrinatv.it/,1
https://www.videoandria.com/,1
https://www.videolina.it/,1
https://www.viella.it/,1
https://www.visitbergamo.net/,1
https://www.viverefermo.it/,1
https://www.viverefoligno.it/,1
https://www.viverejesi.it/,1
https://www.vivereperugia.it/,1
https://www.vivisaar.com/,1
https://www.voceapuana.com/,1
https://www.vocecamuna.it/,1
https://www.vocedeicittadini.it/,1
https://www.vocegiallorossa.it/,1
https://www.vocidalcilento.it/,1
https://www.vulturenews.net/,1
https://www.wanshi.it/,1
https://www.wikidonne.org/,1
https://www.womenews.net/,1
https://www.youtvrs.it/,1
https://www.zarabaza.it/,1
https://www.zazoom.it/,1
https://www.zerottounonews.it/,1
https://www.zeroventiquattro.it/,1
https://www1.interno.gov.it/,1
https://x49tq.juhocontactors.es/,1
https://yesmagazine.it/,1
https://zonawrestling.net/,1
